{"cameraMode":{"drawMode":0,"name":"Shaded","section":"Shading Mode"},"sceneLighting":true,"audioPlay":false,"sceneViewState":{"showFog":true,"showMaterialUpdate":true,"showSkybox":true,"showFlares":true,"showImageEffects":true,"showParticleSystems":true},"in2DMode":false,"pivot":{"x":0.38946831226348879,"y":1.7275562286376954,"z":31.647809982299806},"rotation":{"x":-0.22385254502296449,"y":0.6167563796043396,"z":-0.18896883726119996,"w":-0.7306108474731445},"size":2.947723627090454,"orthographic":false}