{"cameraMode":{"drawMode":0,"name":"Shaded","section":"Shading Mode"},"sceneLighting":false,"audioPlay":false,"sceneViewState":{"showFog":true,"showMaterialUpdate":true,"showSkybox":false,"showFlares":true,"showImageEffects":true,"showParticleSystems":true},"in2DMode":false,"pivot":{"x":1.0596466064453126,"y":8.786252975463868,"z":107.64031982421875},"rotation":{"x":0.12522026896476746,"y":-0.33602526783943179,"z":0.045127760618925098,"w":0.9324002265930176},"size":104.34597778320313,"orthographic":true}