{"cameraMode":{"drawMode":0,"name":"Shaded","section":"Shading Mode"},"sceneLighting":false,"audioPlay":false,"sceneViewState":{"showFog":true,"showMaterialUpdate":true,"showSkybox":false,"showFlares":true,"showImageEffects":true,"showParticleSystems":true},"in2DMode":false,"pivot":{"x":4.399003028869629,"y":21.002349853515626,"z":-11.51506233215332},"rotation":{"x":0.3952796161174774,"y":0.022594794631004335,"z":-0.009727396070957184,"w":0.9182377457618713},"size":140.0218963623047,"orthographic":true}