{"cameraMode":{"drawMode":0,"name":"Shaded","section":"Shading Mode"},"sceneLighting":false,"audioPlay":false,"sceneViewState":{"showFog":true,"showMaterialUpdate":true,"showSkybox":false,"showFlares":true,"showImageEffects":true,"showParticleSystems":true},"in2DMode":false,"pivot":{"x":-139.14100646972657,"y":54.8294563293457,"z":47.428260803222659},"rotation":{"x":0.0187216904014349,"y":-0.625417947769165,"z":0.015012920834124089,"w":0.7799209952354431},"size":87.27753448486328,"orthographic":false}