{"cameraMode":{"drawMode":0,"name":"Shaded","section":"Shading Mode"},"sceneLighting":true,"audioPlay":false,"sceneViewState":{"showFog":true,"showMaterialUpdate":false,"showSkybox":true,"showFlares":true,"showImageEffects":true,"showParticleSystems":true},"in2DMode":false,"pivot":{"x":11.964372634887696,"y":6.379180431365967,"z":35.575172424316409},"rotation":{"x":0.04682672768831253,"y":-0.9130392670631409,"z":0.10952555388212204,"w":0.39011991024017336},"size":0.03605588525533676,"orthographic":true}