{"cameraMode":{"drawMode":0,"name":"Shaded","section":"Shading Mode"},"sceneLighting":true,"audioPlay":false,"sceneViewState":{"showFog":true,"showMaterialUpdate":true,"showSkybox":true,"showFlares":true,"showImageEffects":true,"showParticleSystems":true},"in2DMode":false,"pivot":{"x":-7.866311550140381,"y":6.354668140411377,"z":63.65653991699219},"rotation":{"x":-0.10605316609144211,"y":-0.2504579722881317,"z":0.027624228969216348,"w":-0.9619228839874268},"size":27.681385040283204,"orthographic":false}