{"cameraMode":{"drawMode":0,"name":"Shaded","section":"Shading Mode"},"sceneLighting":true,"audioPlay":false,"sceneViewState":{"showFog":true,"showMaterialUpdate":false,"showSkybox":true,"showFlares":true,"showImageEffects":true,"showParticleSystems":true},"in2DMode":false,"pivot":{"x":5.744822978973389,"y":-18.344728469848634,"z":69.29158782958985},"rotation":{"x":0.35031744837760928,"y":0.11757339537143707,"z":-0.04437145218253136,"w":0.9281671047210693},"size":16.543363571166993,"orthographic":true}