{"cameraMode":{"drawMode":0,"name":"Shaded","section":"Shading Mode"},"sceneLighting":false,"audioPlay":false,"sceneViewState":{"showFog":true,"showMaterialUpdate":false,"showSkybox":false,"showFlares":true,"showImageEffects":true,"showParticleSystems":true},"in2DMode":false,"pivot":{"x":-0.006878316402435303,"y":0.27766358852386477,"z":-0.07367795705795288},"rotation":{"x":-0.02167644165456295,"y":-0.7120630145072937,"z":0.022011050954461099,"w":-0.7014485597610474},"size":24.469989776611329,"orthographic":true}