{"cameraMode":{"drawMode":0,"name":"Shaded","section":"Shading Mode"},"sceneLighting":true,"audioPlay":false,"sceneViewState":{"showFog":true,"showMaterialUpdate":false,"showSkybox":true,"showFlares":true,"showImageEffects":true,"showParticleSystems":true},"in2DMode":false,"pivot":{"x":0.3431793451309204,"y":0.4775736927986145,"z":249.2051239013672},"rotation":{"x":0.10009196400642395,"y":0.3558220863342285,"z":-0.03836223483085632,"w":0.9283875226974487},"size":2.656947612762451,"orthographic":true}