{"cameraMode":{"drawMode":0,"name":"Shaded","section":"Shading Mode"},"sceneLighting":false,"audioPlay":false,"sceneViewState":{"showFog":true,"showMaterialUpdate":false,"showSkybox":false,"showFlares":true,"showImageEffects":true,"showParticleSystems":true},"in2DMode":false,"pivot":{"x":0.04168662428855896,"y":1.8754836320877076,"z":-135.13677978515626},"rotation":{"x":0.10147072374820709,"y":0.8111400008201599,"z":-0.14787070453166963,"w":0.5567055940628052},"size":2.584789991378784,"orthographic":false}