{"cameraMode":{"drawMode":0,"name":"Shaded","section":"Shading Mode"},"sceneLighting":false,"audioPlay":false,"sceneViewState":{"showFog":true,"showMaterialUpdate":false,"showSkybox":false,"showFlares":true,"showImageEffects":true,"showParticleSystems":true},"in2DMode":false,"pivot":{"x":0.5887911915779114,"y":1.555590271949768,"z":-135.0368194580078},"rotation":{"x":0.08786933124065399,"y":-0.7299526333808899,"z":-0.09556815028190613,"w":-0.6710676550865173},"size":1.9847900867462159,"orthographic":false}