{"cameraMode":{"drawMode":0,"name":"Shaded","section":"Shading Mode"},"sceneLighting":true,"audioPlay":false,"sceneViewState":{"showFog":true,"showMaterialUpdate":true,"showSkybox":true,"showFlares":true,"showImageEffects":true,"showParticleSystems":true},"in2DMode":false,"pivot":{"x":-0.6247209310531616,"y":0.775193452835083,"z":1.642934799194336},"rotation":{"x":-0.07421156018972397,"y":0.38119280338287356,"z":-0.030710287392139436,"w":-0.9210354089736939},"size":2.1386711597442629,"orthographic":true}