{"cameraMode":{"drawMode":0,"name":"Shaded","section":"Shading Mode"},"sceneLighting":false,"audioPlay":false,"sceneViewState":{"showFog":true,"showMaterialUpdate":true,"showSkybox":false,"showFlares":true,"showImageEffects":true,"showParticleSystems":true},"in2DMode":false,"pivot":{"x":-88.76333618164063,"y":32.38944625854492,"z":-59.61836242675781},"rotation":{"x":0.22267591953277589,"y":-0.554654061794281,"z":0.15709288418293,"w":0.786200761795044},"size":182.60171508789063,"orthographic":true}