{"cameraMode":{"drawMode":0,"name":"Shaded","section":"Shading Mode"},"sceneLighting":true,"audioPlay":false,"sceneViewState":{"showFog":true,"showMaterialUpdate":true,"showSkybox":true,"showFlares":true,"showImageEffects":true,"showParticleSystems":true},"in2DMode":false,"pivot":{"x":0.4000244140625,"y":1.81103515625,"z":0.00091552734375},"rotation":{"x":0.0888882502913475,"y":-0.7060586214065552,"z":0.09009391814470291,"w":0.6967971324920654},"size":343.4749755859375,"orthographic":true}