{"cameraMode":{"drawMode":0,"name":"Shaded","section":"Shading Mode"},"sceneLighting":false,"audioPlay":false,"sceneViewState":{"showFog":true,"showMaterialUpdate":false,"showSkybox":false,"showFlares":true,"showImageEffects":true,"showParticleSystems":true},"in2DMode":false,"pivot":{"x":0.40807387232780459,"y":1.730677604675293,"z":0.1334528923034668},"rotation":{"x":-0.02318369783461094,"y":-0.20516355335712434,"z":-0.004863257985562086,"w":0.9784454107284546},"size":3.295938491821289,"orthographic":false}