{"cameraMode":{"drawMode":0,"name":"Shaded","section":"Shading Mode"},"sceneLighting":true,"audioPlay":false,"sceneViewState":{"showFog":true,"showMaterialUpdate":true,"showSkybox":true,"showFlares":true,"showImageEffects":true,"showParticleSystems":true},"in2DMode":false,"pivot":{"x":5.404592514038086,"y":18.440349578857423,"z":119.46920776367188},"rotation":{"x":0.15614040195941926,"y":-0.14024366438388825,"z":0.02239852212369442,"w":0.9774848818778992},"size":7.886928558349609,"orthographic":true}