{"cameraMode":{"drawMode":0,"name":"Shaded","section":"Shading Mode"},"sceneLighting":true,"audioPlay":false,"sceneViewState":{"showFog":true,"showMaterialUpdate":false,"showSkybox":true,"showFlares":true,"showImageEffects":true,"showParticleSystems":true},"in2DMode":false,"pivot":{"x":-30.72022247314453,"y":6.841884613037109,"z":104.19252014160156},"rotation":{"x":0.462199866771698,"y":0.03589840978384018,"z":-0.01872755028307438,"w":0.8858590126037598},"size":149.35707092285157,"orthographic":true}