{"cameraMode":{"drawMode":0,"name":"Shaded","section":"Shading Mode"},"sceneLighting":true,"audioPlay":false,"sceneViewState":{"showFog":true,"showMaterialUpdate":true,"showSkybox":true,"showFlares":true,"showImageEffects":true,"showParticleSystems":true},"in2DMode":false,"pivot":{"x":-42.726470947265628,"y":-3.119792938232422,"z":66.22505187988281},"rotation":{"x":-0.22385254502296449,"y":0.6167563796043396,"z":-0.18896883726119996,"w":-0.7306108474731445},"size":109.3393783569336,"orthographic":false}