{"cameraMode":{"drawMode":0,"name":"Shaded","section":"Shading Mode"},"sceneLighting":false,"audioPlay":false,"sceneViewState":{"showFog":true,"showMaterialUpdate":false,"showSkybox":false,"showFlares":true,"showImageEffects":true,"showParticleSystems":true},"in2DMode":false,"pivot":{"x":-1.8063528537750245,"y":7.551854133605957,"z":3.744358539581299},"rotation":{"x":-0.30505475401878359,"y":0.1455254703760147,"z":-0.04722292348742485,"w":-0.9399734735488892},"size":7.003350734710693,"orthographic":true}