{"cameraMode":{"drawMode":0,"name":"Shaded","section":"Shading Mode"},"sceneLighting":true,"audioPlay":false,"sceneViewState":{"showFog":true,"showMaterialUpdate":true,"showSkybox":true,"showFlares":true,"showImageEffects":true,"showParticleSystems":true},"in2DMode":false,"pivot":{"x":117.33329772949219,"y":723.7501220703125,"z":66.8065185546875},"rotation":{"x":0.06145831197500229,"y":-0.009879267774522305,"z":0.00060838129138574,"w":0.9980614185333252},"size":1720.2830810546875,"orthographic":false}