{"cameraMode":{"drawMode":0,"name":"Shaded","section":"Shading Mode"},"sceneLighting":false,"audioPlay":false,"sceneViewState":{"showFog":true,"showMaterialUpdate":false,"showSkybox":false,"showFlares":true,"showImageEffects":true,"showParticleSystems":true},"in2DMode":false,"pivot":{"x":-2.5755181312561037,"y":-10.112139701843262,"z":-103.0372314453125},"rotation":{"x":0.14877599477767945,"y":-0.029661336913704873,"z":0.004464693833142519,"w":0.9884163737297058},"size":29.214962005615236,"orthographic":false}