{"cameraMode":{"drawMode":0,"name":"Shaded","section":"Shading Mode"},"sceneLighting":false,"audioPlay":false,"sceneViewState":{"showFog":true,"showMaterialUpdate":true,"showSkybox":false,"showFlares":true,"showImageEffects":true,"showParticleSystems":true},"in2DMode":false,"pivot":{"x":22.165908813476564,"y":0.25510966777801516,"z":122.23760986328125},"rotation":{"x":0.12522026896476746,"y":-0.33602526783943179,"z":0.045127760618925098,"w":0.9324002265930176},"size":153.17465209960938,"orthographic":true}