{"cameraMode":{"drawMode":0,"name":"Shaded","section":"Shading Mode"},"sceneLighting":true,"audioPlay":false,"sceneViewState":{"showFog":true,"showMaterialUpdate":true,"showSkybox":true,"showFlares":true,"showImageEffects":true,"showParticleSystems":true},"in2DMode":false,"pivot":{"x":-20.640583038330079,"y":-37.31776428222656,"z":99.70567321777344},"rotation":{"x":0.17631490528583527,"y":-0.08404824882745743,"z":0.01511178258806467,"w":0.980623722076416},"size":315.9779357910156,"orthographic":false}