{"cameraMode":{"drawMode":0,"name":"Shaded","section":"Shading Mode"},"sceneLighting":false,"audioPlay":false,"sceneViewState":{"showFog":true,"showMaterialUpdate":false,"showSkybox":false,"showFlares":true,"showImageEffects":true,"showParticleSystems":true},"in2DMode":false,"pivot":{"x":-1.3226194381713868,"y":-1.919166922569275,"z":1.2598891258239747},"rotation":{"x":-0.10453403741121292,"y":-0.564720869064331,"z":0.07239578664302826,"w":-0.8154309391975403},"size":4.18452787399292,"orthographic":true}