{"cameraMode":{"drawMode":0,"name":"Shaded","section":"Shading Mode"},"sceneLighting":true,"audioPlay":false,"sceneViewState":{"showFog":true,"showMaterialUpdate":true,"showSkybox":true,"showFlares":true,"showImageEffects":true,"showParticleSystems":true},"in2DMode":false,"pivot":{"x":-390.3230285644531,"y":142.61241149902345,"z":845.4527587890625},"rotation":{"x":0.14119189977645875,"y":0.6127907037734985,"z":-0.11245926469564438,"w":0.7693564891815186},"size":334.70928955078127,"orthographic":false}