{"cameraMode":{"drawMode":0,"name":"Shaded","section":"Shading Mode"},"sceneLighting":true,"audioPlay":false,"sceneViewState":{"showFog":true,"showMaterialUpdate":true,"showSkybox":true,"showFlares":true,"showImageEffects":true,"showParticleSystems":true},"in2DMode":false,"pivot":{"x":-57.662635803222659,"y":128.50729370117188,"z":137.57899475097657},"rotation":{"x":0.06145831197500229,"y":-0.009879267774522305,"z":0.00060838129138574,"w":0.9980614185333252},"size":270.56439208984377,"orthographic":false}