{"cameraMode":{"drawMode":0,"name":"Shaded","section":"Shading Mode"},"sceneLighting":false,"audioPlay":false,"sceneViewState":{"showFog":true,"showMaterialUpdate":true,"showSkybox":false,"showFlares":true,"showImageEffects":true,"showParticleSystems":true},"in2DMode":false,"pivot":{"x":-1.2576675415039063,"y":13.177648544311524,"z":110.11128997802735},"rotation":{"x":0.12522026896476746,"y":-0.33602526783943179,"z":0.045127760618925098,"w":0.9324002265930176},"size":133.15997314453126,"orthographic":true}