{"cameraMode":{"drawMode":0,"name":"Shaded","section":"Shading Mode"},"sceneLighting":false,"audioPlay":false,"sceneViewState":{"showFog":true,"showMaterialUpdate":false,"showSkybox":false,"showFlares":true,"showImageEffects":true,"showParticleSystems":true},"in2DMode":false,"pivot":{"x":-1.3420500755310059,"y":1.7273976802825928,"z":1.8095195293426514},"rotation":{"x":-0.21510306000709535,"y":-0.030188461765646936,"z":0.0066295042634010319,"w":-0.9761226177215576},"size":3.204563856124878,"orthographic":false}