{"cameraMode":{"drawMode":0,"name":"Shaded","section":"Shading Mode"},"sceneLighting":false,"audioPlay":false,"sceneViewState":{"showFog":true,"showMaterialUpdate":false,"showSkybox":false,"showFlares":true,"showImageEffects":true,"showParticleSystems":true},"in2DMode":false,"pivot":{"x":0.6602152585983276,"y":0.4911773204803467,"z":2.3339757919311525},"rotation":{"x":0.04342722147703171,"y":0.9284777641296387,"z":-0.35043400526046755,"w":0.1150614470243454},"size":0.6256529092788696,"orthographic":false}