{"cameraMode":{"drawMode":0,"name":"Shaded","section":"Shading Mode"},"sceneLighting":true,"audioPlay":false,"sceneViewState":{"showFog":true,"showMaterialUpdate":false,"showSkybox":true,"showFlares":true,"showImageEffects":true,"showParticleSystems":true},"in2DMode":false,"pivot":{"x":0.25,"y":3.0508902072906496,"z":50.64692687988281},"rotation":{"x":0.31547269225120547,"y":0.6626903414726257,"z":-0.36495697498321535,"w":0.57282954454422},"size":45.419734954833987,"orthographic":true}