{"cameraMode":{"drawMode":0,"name":"Shaded","section":"Shading Mode"},"sceneLighting":false,"audioPlay":false,"sceneViewState":{"showFog":true,"showMaterialUpdate":false,"showSkybox":false,"showFlares":true,"showImageEffects":true,"showParticleSystems":true},"in2DMode":false,"pivot":{"x":-1.3420500755310059,"y":1.7273976802825928,"z":1.8095195293426514},"rotation":{"x":-0.05926267430186272,"y":0.05744951590895653,"z":-0.003477534744888544,"w":-0.9966109395027161},"size":3.204563856124878,"orthographic":false}