{"cameraMode":{"drawMode":0,"name":"Shaded","section":"Shading Mode"},"sceneLighting":true,"audioPlay":false,"sceneViewState":{"showFog":true,"showMaterialUpdate":false,"showSkybox":true,"showFlares":true,"showImageEffects":true,"showParticleSystems":true},"in2DMode":false,"pivot":{"x":-0.02509605884552002,"y":1.1759860515594483,"z":89.3758773803711},"rotation":{"x":0.000891169358510524,"y":-0.1256672590970993,"z":0.00011346874089213088,"w":0.9920747876167297},"size":0.6688616871833801,"orthographic":true}