{"cameraMode":{"drawMode":0,"name":"Shaded","section":"Shading Mode"},"sceneLighting":false,"audioPlay":false,"sceneViewState":{"showFog":true,"showMaterialUpdate":true,"showSkybox":false,"showFlares":true,"showImageEffects":true,"showParticleSystems":true},"in2DMode":false,"pivot":{"x":9.13583755493164,"y":12.08226490020752,"z":240.0408477783203},"rotation":{"x":0.3323741853237152,"y":-0.5072639584541321,"z":0.22072209417819978,"w":0.7639057040214539},"size":403.7253723144531,"orthographic":true}