{"cameraMode":{"drawMode":0,"name":"Shaded","section":"Shading Mode"},"sceneLighting":false,"audioPlay":false,"sceneViewState":{"showFog":true,"showMaterialUpdate":true,"showSkybox":false,"showFlares":true,"showImageEffects":true,"showParticleSystems":true},"in2DMode":false,"pivot":{"x":44.5941162109375,"y":-33.30378723144531,"z":324.4400329589844},"rotation":{"x":0.1318099945783615,"y":-0.4961264431476593,"z":0.07650530338287354,"w":0.8547707796096802},"size":214.66835021972657,"orthographic":false}