{"cameraMode":{"drawMode":0,"name":"Shaded","section":"Shading Mode"},"sceneLighting":true,"audioPlay":false,"sceneViewState":{"showFog":true,"showMaterialUpdate":true,"showSkybox":true,"showFlares":true,"showImageEffects":true,"showParticleSystems":true},"in2DMode":false,"pivot":{"x":-0.5763006210327148,"y":0.9457635879516602,"z":1.6000065803527833},"rotation":{"x":0.008375872857868672,"y":0.9120659232139587,"z":-0.01859913393855095,"w":0.4096161723136902},"size":2.753343343734741,"orthographic":true}